Time,ActiveServers,MigratedVMs,Energy
0,0,0,0.0
1,0,0,0.0
2,0,1,0.2777777777777778
3,0,2,0.5555555555555556
4,0,3,0.8333333333333334
5,0,4,1.1111111111111112
6,0,5,1.3888888888888888
7,0,5,1.3888888888888888
8,0,5,1.3888888888888888
9,0,6,1.6666666666666665
